328,11/14/2012 8:30
585,11/14/2012 8:30
202,11/14/2012 8:30
477,11/14/2012 8:30
703,11/14/2012 8:30
783,11/14/2012 8:30
896,11/14/2012 8:30
68,11/14/2012 8:30
70,11/15/2012 8:30
336,11/15/2012 8:30
501,11/15/2012 8:30
221,11/19/2012 8:30
86,11/19/2012 8:30
357,11/19/2012 8:30
512,11/19/2012 8:30
92,11/20/2012 8:30
232,11/20/2012 8:30
514,11/20/2012 8:30
359,11/20/2012 8:30
516,11/21/2012 8:30
238,11/21/2012 8:30
376,11/21/2012 8:30
118,11/21/2012 8:30
793,11/26/2012 8:30
536,11/26/2012 8:30
591,11/26/2012 8:30
386,11/26/2012 8:30
239,11/26/2012 8:30
904,11/26/2012 8:30
706,11/26/2012 8:30
119,11/26/2012 8:30
390,11/27/2012 8:30
715,11/27/2012 8:30
139,11/27/2012 8:30
800,11/27/2012 8:30
611,11/27/2012 8:30
241,11/27/2012 8:30
916,11/27/2012 8:30
539,11/27/2012 8:30
148,11/28/2012 8:30
548,11/28/2012 8:30
620,11/28/2012 8:30
921,11/28/2012 8:30
823,11/28/2012 8:30
257,11/28/2012 8:30
410,11/28/2012 8:30
724,11/28/2012 8:30
553,11/29/2012 8:30
412,11/29/2012 8:30
730,11/29/2012 8:30
261,11/29/2012 8:30
834,11/29/2012 8:30
629,11/29/2012 8:30
156,11/29/2012 8:30
922,11/29/2012 8:30
1882,12/3/2012 8:30
21,12/3/2012 8:30
1688,12/3/2012 8:30
453,12/3/2012 8:30
1796,12/3/2012 8:30
1928,12/3/2012 8:30
1764,12/3/2012 8:30
2586,12/3/2012 8:30
869,12/3/2012 8:30
1317,12/3/2012 8:30
1996,12/3/2012 8:30
1631,12/3/2012 8:30
1281,12/3/2012 8:30
2002,12/4/2012 8:30
508,12/4/2012 8:30
1767,12/4/2012 8:30
1891,12/4/2012 8:30
1934,12/4/2012 8:30
1636,12/4/2012 8:30
1693,12/4/2012 8:30
936,12/4/2012 8:30
51,12/4/2012 8:30
1800,12/4/2012 8:30
1354,12/4/2012 8:30
1893,12/5/2012 8:30
1395,12/5/2012 8:30
1638,12/5/2012 8:30
953,12/5/2012 8:30
1801,12/5/2012 8:30
2008,12/5/2012 8:30
56,12/5/2012 8:30
576,12/5/2012 8:30
1772,12/5/2012 8:30
1937,12/5/2012 8:30
1421,12/6/2012 8:30
1898,12/6/2012 8:30
2012,12/6/2012 8:30
1779,12/6/2012 8:30
954,12/6/2012 8:30
1817,12/6/2012 8:30
1650,12/6/2012 8:30
1702,12/6/2012 8:30
625,12/6/2012 8:30
109,12/6/2012 8:30
1956,12/6/2012 8:30
1830,12/10/2012 8:30
2019,12/10/2012 8:30
1718,12/10/2012 8:30
1168,12/10/2012 8:30
161,12/10/2012 8:30
1781,12/10/2012 8:30
1655,12/10/2012 8:30
1899,12/10/2012 8:30
1426,12/10/2012 8:30
1958,12/10/2012 8:30
648,12/10/2012 8:30
650,12/11/2012 8:30
1660,12/11/2012 8:30
1591,12/11/2012 8:30
1784,12/11/2012 8:30
1962,12/11/2012 8:30
168,12/11/2012 8:30
1832,12/11/2012 8:30
1904,12/11/2012 8:30
1180,12/11/2012 8:30
1720,12/11/2012 8:30
2035,12/11/2012 8:30
209,12/12/2012 8:30
1190,12/12/2012 8:30
1974,12/12/2012 8:30
1905,12/12/2012 8:30
2041,12/12/2012 8:30
1662,12/12/2012 8:30
1785,12/12/2012 8:30
1722,12/12/2012 8:30
1844,12/12/2012 8:30
669,12/12/2012 8:30
1602,12/12/2012 8:30
1606,12/13/2012 8:30
304,12/13/2012 8:30
1743,12/13/2012 8:30
1853,12/13/2012 8:30
1252,12/13/2012 8:30
1786,12/13/2012 8:30
694,12/13/2012 8:30
1982,12/13/2012 8:30
1911,12/13/2012 8:30
2042,12/13/2012 8:30
1665,12/13/2012 8:30
1914,12/17/2012 8:30
729,12/17/2012 8:30
1265,12/17/2012 8:30
1788,12/17/2012 8:30
1668,12/17/2012 8:30
1862,12/17/2012 8:30
1752,12/17/2012 8:30
1625,12/17/2012 8:30
366,12/17/2012 8:30
2043,12/17/2012 8:30
1985,12/17/2012 8:30
1754,12/18/2012 8:30
421,12/18/2012 8:30
1681,12/18/2012 8:30
1795,12/18/2012 8:30
1279,12/18/2012 8:30
764,12/18/2012 8:30
1866,12/18/2012 8:30
1915,12/18/2012 8:30
1630,12/18/2012 8:30
1698,12/20/2012 8:30
205,11/15/2012 8:30
